{
  "type": "FeatureCollection",
  "features": [
    {
      "type": "Feature",
      "properties": {},
      "geometry": {
        "coordinates": [
          [
            [
              -101.01727931831749,
              22.126474656481733
            ],
            [
              -101.00029901925775,
              22.115672190606347
            ],
            [
              -100.99691828276379,
              22.117260218554676
            ],
            [
              -100.99432562455155,
              22.116057560555262
            ],
            [
              -100.99120029021543,
              22.125865677620027
            ],
            [
              -100.99057185337217,
              22.133891971808154
            ],
            [
              -100.99965964651756,
              22.13750370196854
            ],
            [
              -101.00549502984205,
              22.136098490686962
            ],
            [
              -101.01727931831749,
              22.126474656481733
            ]
          ]
        ],
        "type": "Polygon"
      }
    },
    {
      "type": "Feature",
      "properties": {},
      "geometry": {
        "coordinates": [
          [
            [
              -100.97455673203334,
              22.14633848713578
            ],
            [
              -100.96936119716699,
              22.151559413926734
            ],
            [
              -100.97023141500947,
              22.157984578798263
            ],
            [
              -100.98171050086465,
              22.155572572605877
            ],
            [
              -100.98170845463059,
              22.14754285725661
            ],
            [
              -100.97975596826683,
              22.14473222153545
            ],
            [
              -100.97455673203334,
              22.14633848713578
            ]
          ]
        ],
        "type": "Polygon"
      }
    }
  ]
}